hour,average_fare,total_revenue
0,28.3839916909017,1818976.05999993
1,25.3295736133703,3063518.26999985
2,21.0383586736689,5246754.33999973
3,19.3563360842079,7429808.77999942
4,18.8934074273165,9025151.96999941
5,18.9952494167575,10082788.1599996
6,19.0301936618383,10855460.9999994
7,19.3921220240994,11985109.6199999
8,19.8533613796757,12859665.7800002
9,20.5317723391268,14123735.1900008
10,20.8263389445797,15252588.8700018
11,20.8517122980551,16365233.2800013
12,19.5589855764098,16801102.99
13,18.2576739748306,16519608.7599986
14,18.3624955129533,15103360.4199975
15,18.8551466008496,13563345.8299998
16,18.9377219680364,13060759.3800044
17,19.5096731381742,11986802.210003
18,20.6778479227716,9574324.42000111
19,20.7301706719692,6783079.91
20,19.3125494639829,4222443.83
21,18.1643928194298,2548700.68999997
22,18.2652655078444,1778513.84999998
23,22.3238403627914,1420787.81999997
